protocol_type,service,flag,src_bytes,dst_bytes,count,same_srv_rate,diff_srv_rate,dst_host_srv_count,dst_host_same_srv_rate
HTTP,icons,REJ,0,0,7,0.14285714285714285,0.8571428571428572,1,1.0
HTTP,favicon.ico,REJ,276,276,7,0.14285714285714285,0.8571428571428572,1,1.0
HTTP,login],REJ,276,276,7,0.14285714285714285,0.8571428571428572,1,1.0
HTTP,water,REJ,276,276,7,0.14285714285714285,0.8571428571428572,1,1.0
HTTP,get,REJ,276,276,7,0.14285714285714285,0.8571428571428572,1,1.0
HTTP,what,REJ,276,276,7,0.14285714285714285,0.8571428571428572,1,1.0
HTTP,app,REJ,276,276,7,0.14285714285714285,0.8571428571428572,1,1.0
